title;data;citation
;A Game of Thrones -  Book 1  ;- Your Highlight at location 14-14 | Added on Tuesday, 6 December 2016 23:03:37
﻿Sztuka wojny (Sun Tzu);- Your Highlight at location 240-241 | Added on Wednesday, 7 December 2016 23:14:46;Częste wydawanie rozkazów uczy posłuszeństwa, rzadkie wydawanie rozkazów też uczy – ale nieposłuszeństwa. Częste wydawanie rozkazów jest korzystne dla obu stron.
Władcy ognia (Bogusław Wołoszański);- Your Highlight at location 292-294 | Added on Sunday, 22 January 2017 23:44:39;przestawiło dyrektorowi sekcji zakładów Lockheeda Clarence L. "Kelly" Johnsonowi wymogi, jakim miał sprostać nowy samolot: zasięg 4830 km, pułap lotu 21 335 m i ładowność 318 kg. Na wykonanie tego zadania zespół konstruktorów z zakładów Lockheeda otrzymał 8 miesięcy.
Boże igrzysko Historia Polski (Norman Davies);- Your Highlight at location 7775-7776 | Added on Saturday, 17 March 2018 12:55:13;nie mogą zapobiec temu, aby wrogowie połknęli ich w całości, to niech przynajmniej robią wszystko, co mogą, aby się nie dać strawić[
Bogaty Ojciec Biedny Ojciec (R Kiyosaki);- Your Highlight at location 46-47 | Added on Saturday, 24 March 2018 16:43:29;Rady moich rodziców były skuteczne dla ludzi urodzonych przed 1945 rokiem, ale mogą być katastrofalne dla tych z nas, którzy urodzili się w szybko zmieniającym się świecie.
Bogaty Ojciec Biedny Ojciec (R Kiyosaki);- Your Highlight at location 265-265 | Added on Sunday, 25 March 2018 03:20:05;Lenistwo pomniejsza jedno i drugie: zdrowie i majątek. 
Bogaty Ojciec Biedny Ojciec (R Kiyosaki);- Your Highlight at location 266-267 | Added on Sunday, 25 March 2018 03:21:06;Jeden uważał, że bogaci powinni płacić większe podatki, by zadbać o tych mniej zasobnych. Drugi zwykł mawiać: – Podatki karzą tych, którzy produkują i nagradzają tych, którzy nie produkują. Jeden ojciec zalecał: – Ucz się pilnie, abyś mógł znaleźć dobrą firmę, dla której będziesz pracował. Drugi: – Ucz się pilnie, abyś mógł znaleźć dobrą firmę, którą będziesz mógł kupić. Jeden ojciec mówił: – Powodem, dla którego nie jestem bogaty, jest to, że mam dzieci. Drugi zaś: – Powodem, dla którego muszę być bogaty jest to, że mam dzieci.
Bogaty Ojciec Biedny Ojciec (R Kiyosaki);- Your Highlight at location 271-272 | Added on Sunday, 25 March 2018 03:23:13;Gdy chodzi o pieniądze, działaj ostrożnie i nie podejmuj ryzyka. Drugi: – Naucz się kontrolować ryzyko.
Bogaty Ojciec Biedny Ojciec (R Kiyosaki);- Your Highlight at location 283-284 | Added on Sunday, 25 March 2018 03:24:53;Jeden ojciec nauczył mnie, jak pisać robiący wrażenie życiorys, abym mógł znaleźć dobrą pracę. Drugi nauczył mnie, jak pisać dobre plany biznesowe i finansowe, abym mógł tworzyć miejsca pracy.
Bogaty Ojciec Biedny Ojciec (R Kiyosaki);- Your Highlight at location 290-291 | Added on Sunday, 25 March 2018 03:26:44;Mój biedny ojciec miał zwyczaj mawiać: – Nie interesują mnie pieniądze – lub: – Pieniądze nie mają znaczenia. Bogaty ojciec zawsze mówił: – Pieniądze – to potęga.
Bogaty Ojciec Biedny Ojciec (R Kiyosaki);- Your Highlight at location 298-299 | Added on Sunday, 25 March 2018 03:28:25;studiował, by stać się bogatym; by zrozumieć, jak pracują pieniądze i nauczyć się, aby one pracowały dla mnie. – Nie pracuję dla pieniędzy!
Bogaty Ojciec Biedny Ojciec (R Kiyosaki);- Your Highlight at location 432-432 | Added on Sunday, 25 March 2018 17:37:07;Jeżeli nie możesz się zdecydować, nigdy nie nauczysz się robić pieniędzy.
Bogaty Ojciec Biedny Ojciec (R Kiyosaki);- Your Highlight at location 514-514 | Added on Sunday, 25 March 2018 19:41:59;Prosili mnie o pracę, o pensję, ale nigdy – aby uczyć ich o pieniądzach.
Bogaty Ojciec Biedny Ojciec (R Kiyosaki);- Your Highlight at location 538-539 | Added on Sunday, 25 March 2018 19:46:36;"Biedni i średnia klasa pracują za pieniądze. U bogatych pieniądze pracują dla nich."
Bogaty Ojciec Biedny Ojciec (R Kiyosaki);- Your Highlight at location 685-686 | Added on Monday, 26 March 2018 23:58:33;Spotkałem wielu ludzi, którzy mówią: "Ach, nie jestem zainteresowany pieniędzmi", ale będą pracowali po osiem godzin dziennie. To jest zaprzeczenie prawdy. Jeśli nie są zainteresowani pieniędzmi, to dlaczego pracują?
Bogaty Ojciec Biedny Ojciec (R Kiyosaki);- Your Highlight at location 715-716 | Added on Tuesday, 27 March 2018 00:02:28;Nie jestem zainteresowany tylko tym, by nauczyć was jak wygenerować górę pieniędzy. To nie poradzi sobie ze strachem czy pragnieniem. Jeżeli najpierw nie opanujecie strachu i pragnienia, a staniecie się bogaci – będziecie jedynie wysokopłatnymi niewolnikami.
Bogaty Ojciec Biedny Ojciec (R Kiyosaki);- Your Highlight at location 756-757 | Added on Tuesday, 27 March 2018 00:07:15;Wielkie cywilizacje upadały, gdy luka pomiędzy mającymi i niemającymi była zbyt wielka.
Bogaty Ojciec Biedny Ojciec (R Kiyosaki);- Your Highlight at location 806-808 | Added on Tuesday, 27 March 2018 23:37:06;Będziecie widzieli rzeczy, których inni ludzie nigdy nie widzą. Na przykład okazje, które pojawiają się tuż przed ich nosem. Większość ludzi nigdy nie widzi tych okazji, gdyż szukają oni pieniędzy i zabezpieczenia swego życia.
Bogaty Ojciec Biedny Ojciec (R Kiyosaki);- Your Highlight at location 882-883 | Added on Wednesday, 28 March 2018 23:35:27;Pewnego dnia, z powodu bezsenności i długów, marząc o amerykańskim cudzie stwierdzają, że odpowiedzią na ich problemy finansowe jest znalezienie drogi na szybkie wzbogacenie się.
Bogaty Ojciec Biedny Ojciec (R Kiyosaki);- Your Highlight at location 894-895 | Added on Wednesday, 28 March 2018 23:36:49;Pierwsza reguła. Musimy znać różnicę pomiędzy aktywami i pasywami oraz kupować aktywa. Jeśli chcemy być bogaci, to jest wszystko, co trzeba wiedzieć. To jest pierwsza i jedyna reguła.
Bogaty Ojciec Biedny Ojciec (R Kiyosaki);- Your Highlight at location 925-925 | Added on Wednesday, 28 March 2018 23:39:54;"Bogaci nabywają aktywa, a biedni i średnia klasa nabywają pasywa".
Bogaty Ojciec Biedny Ojciec (R Kiyosaki);- Your Highlight at location 1004-1006 | Added on Thursday, 29 March 2018 12:25:54;Większa ilość pieniędzy rzadko rozwiązuje czyjeś problemy finansowe. Problemy rozwiązuje inteligencja człowieka. Istnieje powiedzenie, które mój znajomy powtarza w kółko ludziom znajdującym się w długach: "Jeśli znalazłeś się w dziurze – przestań kopać".
Bogaty Ojciec Biedny Ojciec (R Kiyosaki);- Your Highlight at location 1010-1012 | Added on Thursday, 29 March 2018 12:27:01;Biedni i średnia klasa zbyt często pozwalają potędze pieniędzy sterować sobą. Codzienne stawanie do cięższej pracy, niepytanie siebie, czy to co robię ma sens –jest codziennym podcinaniem sobie nóg.
Bogaty Ojciec Biedny Ojciec (R Kiyosaki);- Your Highlight at location 1015-1017 | Added on Thursday, 29 March 2018 12:29:36;Często bezmyślnie powtarzają to, co im powiedziano. Powtarzają takie stwierdzenia, jak: "Dywersyfikacja", "Twój dom to twoje aktywa", "Twój dom jest twoją największą inwestycją", "Otrzymasz ulgę podatkową, jeśli się bardziej zadłużysz", "Poszukaj pracy, która jest pewna", "Nie popełniaj błędów", "Nie podejmuj ryzyka".
Bogaty Ojciec Biedny Ojciec (R Kiyosaki);- Your Highlight at location 1027-1029 | Added on Thursday, 29 March 2018 12:45:55;Wiele poważnych problemów finansowych jest wywołanych przez towarzyszenie tłumowi i próbę dorównania sąsiadom. Od czasu do czasu wszyscy potrzebujemy spojrzenia w lustro i bycia prawdziwym – słuchając naszej wewnętrznej mądrości – zamiast ulegać strachowi.
Bogaty Ojciec Biedny Ojciec (R Kiyosaki);- Your Highlight at location 1033-1036 | Added on Thursday, 29 March 2018 12:47:09;To był człowiek, który nie podążał z tłumem. Był on tym, który kierował się własnym myśleniem i nie znosił słów: "Musimy robić to w ten sposób, ponieważ tak każdy robi". Nienawidził również słów "nie można". Jeśli chciało się, aby coś zrobił, wystarczyło powiedzieć: "Myślę, że tego nie zrobisz".
Bogaty Ojciec Biedny Ojciec (R Kiyosaki);- Your Highlight at location 1037-1038 | Added on Thursday, 29 March 2018 12:47:27;"Inteligentna osoba wynajmuje ludzi, którzy są bardziej inteligentni, niż ona".
Bogaty Ojciec Biedny Ojciec (R Kiyosaki);- Your Highlight at location 1124-1125 | Added on Thursday, 29 March 2018 13:28:56;W przypadku większości ludzi muszą oni kontynuować swoją pracę i polegać na swoich pensjach, by rozpocząć nabywanie swoich aktywów.
Bogaty Ojciec Biedny Ojciec (R Kiyosaki);- Your Highlight at location 1297-1299 | Added on Thursday, 29 March 2018 15:47:43;Wprowadzenie podatków było możliwe tylko dlatego, że masy wierzyły w teorię ekonomii a' la Robin Hood, co polegało na zabieraniu bogatym i dawaniu wszystkim innym.
Bogaty Ojciec Biedny Ojciec (R Kiyosaki);- Your Highlight at location 1313-1316 | Added on Thursday, 29 March 2018 15:52:25;Gdy ktoś nie dał rady wydać przyznanej kwoty, ryzykował utratę dotacji w następnym okresie finansowym. Oczywiście taka osoba nie była postrzegana jako efektywna. Ludzie biznesu, dla odmiany, są nagradzani za posiadanie nadmiaru pieniędzy i z tego powodu uznani za efektywnych.
Bogaty Ojciec Biedny Ojciec (R Kiyosaki);- Your Highlight at location 1361-1361 | Added on Thursday, 29 March 2018 15:58:39;"Jeżeli wiesz, że masz rację, nie boisz się przeciwstawić".
Bogaty Ojciec Biedny Ojciec (R Kiyosaki);- Your Highlight at location 1450-1452 | Added on Thursday, 29 March 2018 17:40:38;wszyscy posiadamy ogromne możliwości i wszyscy posiadamy uzdolnienia. Istnieje jednak coś, co nas wstrzymuje: wszyscy w jakimś stopniu jesteśmy niepewni siebie. Braki związane z fachową informacją nie powstrzymują nas aż tak bardzo, jak brak pewności siebie. Jedni są tym bardziej dotknięci, inni mniej.
Bogaty Ojciec Biedny Ojciec (R Kiyosaki);- Your Highlight at location 1458-1458 | Added on Thursday, 29 March 2018 17:42:05;Jako nauczyciel zauważyłem, że czynnikami pomniejszającymi osobisty geniusz są: skrajny strach i niepewność siebie.
Bogaty Ojciec Biedny Ojciec (R Kiyosaki);- Your Highlight at location 1459-1460 | Added on Thursday, 29 March 2018 19:12:25;W prawdziwym świecie często jest tak, że nie mądrzy idą do przodu, ale umiejący się wyróżnić.
Bogaty Ojciec Biedny Ojciec (R Kiyosaki);- Your Highlight at location 1484-1484 | Added on Thursday, 29 March 2018 19:17:51;Pewnego popołudnia uczyłem inwestowania używając CASHFLOW jako pomocy edukacyjnej.
Bogaty Ojciec Biedny Ojciec (R Kiyosaki);- Your Highlight at location 1637-1640 | Added on Friday, 30 March 2018 23:39:01;Należy zaznaczyć, że rynek idzie raz do góry, a raz na dół, ekonomia poprawia się i załamuje. Świat zawsze tworzy życiowe okazje, każdego dnia naszego życia, ale zbyt często nie jesteśmy w stanie tego zauważyć. Okazje jednak istnieją. Im bardziej świat się zmienia, im bardziej technologia się zmienia, tym więcej jest okazji, które pozwolą nam i naszym rodzinom stać się zabezpieczonym finansowo na teraz i na przyszłe pokolenia.
Bogaty Ojciec Biedny Ojciec (R Kiyosaki);- Your Highlight at location 1727-1730 | Added on Tuesday, 3 April 2018 14:49:01;Pamiętajmy jednak, że zawsze powinniśmy mieć przyjemność robienia tego. To jest tylko gra. Czasem wygramy, a czasem uczymy się. Miejmy jednak dobrą zabawę. Większość ludzi nigdy nie wygrywa, gdyż bardzo boi się przegrać. Z tego względu szkoły wydawały mi się tak nierozsądne. W szkołach uczymy się, że błędy są niedobre i jesteśmy karani za popełnianie ich.
Bogaty Ojciec Biedny Ojciec (R Kiyosaki);- Your Highlight at location 1732-1734 | Added on Tuesday, 3 April 2018 14:49:35;Niestety, większość ludzi nie jest bogata, gdyż boją się przegranej. Zwycięzcy nie boją się przegranej, ale zwyciężeni tak. Niepowodzenie jest częścią procesu prowadzącego do sukcesu. Ludzie, którzy unikają niepowodzeń, unikają też sukcesu.
Bogaty Ojciec Biedny Ojciec (R Kiyosaki);- Your Highlight at location 1767-1767 | Added on Tuesday, 3 April 2018 15:00:09;PRACUJ BY SIĘ UCZYĆ – NIE PRACUJ ZA PIENIĄDZE
Bogaty Ojciec Biedny Ojciec (R Kiyosaki);- Your Highlight at location 1809-1810 | Added on Tuesday, 3 April 2018 15:06:35;Bogaty ojciec powiedział mi, że najtrudniejszym zadaniem w prowadzeniu firmy jest zarządzanie ludźmi.
Bogaty Ojciec Biedny Ojciec (R Kiyosaki);- Your Highlight at location 1807-1809 | Added on Tuesday, 3 April 2018 15:07:33;Edukowany ojciec po prostu nie mógł zrozumieć, dlaczego zdecydowałem się zwolnić i wstąpić do Marine Corps. Wyjaśniłem mu, że chcę nauczyć się latać, ale tak naprawdę chciałem się nauczyć kierować oddziałami.
Bogaty Ojciec Biedny Ojciec (R Kiyosaki);- Your Highlight at location 1813-1815 | Added on Tuesday, 3 April 2018 15:07:46;Znalazłem pracę w Xerox Corp. Istniał tylko jeden powód, dla którego się tam zatrudniłem i nie była to korzyść materialna. Byłem nieśmiałą osobą i myśl o sprzedawaniu była dla mnie najstraszniejszą na świecie. Xerox posiadał jeden z najlepszych programów szkolenia sprzedawców w Ameryce.
Bogaty Ojciec Biedny Ojciec (R Kiyosaki);- Your Highlight at location 1815-1817 | Added on Tuesday, 3 April 2018 15:08:08;Bogaty ojciec był ze mnie dumny. Mój edukowany ojciec był zawstydzony. Jako intelektualista uważał, że sprzedawcy są niżej niż on. Pracowałem w Xeroxie przez cztery lata, do czasu, gdy przezwyciężyłem strach przed pukaniem do drzwi i przed odmową.
Bogaty Ojciec Biedny Ojciec (R Kiyosaki);- Your Highlight at location 1832-1834 | Added on Tuesday, 3 April 2018 17:11:40;Zamiast kierowania się krótkoterminową korzyścią, zalecam młodym ludziom, aby szukali pracy, zwracając uwagę na to, czego mogą się w niej nauczyć, zamiast – na zarobki. Spójrzmy przed siebie i oceńmy, jakich umiejętności powinniśmy nabyć, wybierając określone "wyścigu szczurów".
Bogaty Ojciec Biedny Ojciec (R Kiyosaki);- Your Highlight at location 1836-1837 | Added on Tuesday, 3 April 2018 17:12:15;chomików zawzięcie obracają koło, a gdy przyjdzie jutrzejszy ranek, wciąż będą w tej samej klatce: przykra rzeczywistość.
Bogaty Ojciec Biedny Ojciec (R Kiyosaki);- Your Highlight at location 1842-1842 | Added on Tuesday, 3 April 2018 17:14:29;Pamiętam, jak mój edukowany ojciec każdego roku oczekiwał podwyżki i każdego roku był zawiedziony. Zapisał się ponownie na studia, aby zdobyć wyższe kwalifikacje i tym sposobem otrzymać większą pensję, co przerodziło się w kolejny zawód.
Bogaty Ojciec Biedny Ojciec (R Kiyosaki);- Your Highlight at location 1848-1853 | Added on Tuesday, 3 April 2018 17:15:59;"Odwiedziłem główną siedzibę jednej z największych firm konsultacyjnych o zasięgu ogólnokrajowym, zajmującą się emeryturami i spotkałem się z dyrektorką zarządzającą firmą, która specjalizuje się w tworzeniu planów emerytalnych dla menedżerów wyższego szczebla. Gdy spytałem ją, czego mogą oczekiwać osoby, zainteresowane emeryturą, które nie posiadają biur z pięknym widokiem, odpowiedziała uśmiechając się: - Srebrnej kuli. - Co to jest srebrna kula? - spytałem Wzruszyła ramionami. - Jeśli ludzie pochodzący z wyżu demograficznego odkryją, że nie wystarczy im pieniędzy na życie, gdy przejdą na emeryturę, mogą tylko strzelić sobie w głowę.
Bogaty Ojciec Biedny Ojciec (R Kiyosaki);- Your Highlight at location 1865-1866 | Added on Tuesday, 3 April 2018 17:17:47;Często zalecam przystąpienie do firmy związanej z network marketing, nazywany też multilevel marketing, jeśli chcą opanować umiejętność sprzedawania.
Bogaty Ojciec Biedny Ojciec (R Kiyosaki);- Your Highlight at location 1886-1887 | Added on Tuesday, 3 April 2018 17:22:23;Umiejętności nie zawsze można przetransferować z jednej dziedziny gospodarki do drugiej, ponieważ umiejętności, za które są opłacani piloci w liniach lotniczych, nie są tak ważne, np. w systemie szkolnictwa.
Bogaty Ojciec Biedny Ojciec (R Kiyosaki);- Your Highlight at location 1892-1896 | Added on Tuesday, 3 April 2018 17:23:24;Gdy pytam uczestników moich wykładów: – Ilu z was może zrobić lepszego hamburgera, niż McDonald? – prawie wszyscy podnoszą swoje dłonie. Wtedy pytam: – Jeżeli więc większość z was może zrobić lepszego hamburgera, jak to jest, że McDonald robi więcej pieniędzy, niż wy? Odpowiedź jest oczywista: McDonald jest znakomitym systemem biznesowym. Wielu utalentowanych ludzi jest biednych dlatego, że skupiają się na stworzeniu lepszego hamburgera i nie wiedzą prawie nic o systemach biznesu.
Bogaty Ojciec Biedny Ojciec (R Kiyosaki);- Your Highlight at location 1897-1900 | Added on Tuesday, 3 April 2018 17:24:28;Natychmiast dostrzegł on okazję do powiększenia swojego biznesu przez użycie części pieniędzy na reklamę. W dwa miesiące później pojawiła się jego pierwsza kolorowa, całostronicowa reklama zamieszczona w drogim magazynie, którego czytelnikami byli bardzo bogaci ludzie. Reklama pojawiała się przez trzy miesiące. Reklama nie wywołała żadnego odzewu i cały spadek został zmarnowany.
Bogaty Ojciec Biedny Ojciec (R Kiyosaki);- Your Highlight at location 1903-1906 | Added on Tuesday, 3 April 2018 17:25:19;Świat jest pełen utalentowanych, biednych ludzi. Powodem tego, że są biedni, borykają się z finansami, zarabiają mniej, niż mogliby, najczęściej nie są niedostateczne umiejętności zawodowe, tylko niewiedza innego rodzaju. Skupiają się na perfekcji tworzenia lepszego hamburgera, zamiast – na umiejętności sprzedawania i dostarczania hamburgera. Być może McDonald nie robi najlepszych hamburgerów, ale jest najlepszy w sprzedaży i dostarczaniu przeciętnego hamburgera.
Bogaty Ojciec Biedny Ojciec (R Kiyosaki);- Your Highlight at location 1910-1912 | Added on Tuesday, 3 April 2018 17:26:03;Omawialiśmy wiele zagadnień, ale nigdy nie potwierdził, że konieczność ochrony ze strony związku zawodowego jest spowodowana nadmierną specjalizacją. Nigdy nie zrozumiał tego, że im bardziej stajemy się wyspecjalizowani, w tym większej znajdujemy się pułapce i tym bardziej jesteśmy uzależnieni od tej specjalizacji.
Bogaty Ojciec Biedny Ojciec (R Kiyosaki);- Your Highlight at location 1924-1927 | Added on Tuesday, 3 April 2018 17:27:44;Mój edukowany ojciec pracował wciąż więcej i więcej w miarę, jak stawał się bardziej kompetentny. Równocześnie, im bardziej się specjalizował, tym w coraz większej pułapce się znajdował. Chociaż jego zarobki rosły, jego możliwości malały. Wkrótce po tym, jak znalazł się poza państwową pracą, zorientował się, jak niewiele możliwości daje wąska specjalizacja.
Bogaty Ojciec Biedny Ojciec (R Kiyosaki);- Your Highlight at location 1958-1960 | Added on Tuesday, 3 April 2018 17:30:44;Pokonywanie strachu przed utratą pieniędzy. Nigdy nie spotkałem kogoś, kto naprawdę lubi tracić pieniądze. Przez wszystkie swoje lata, nie spotkałem też bogatej osoby, która nigdy nie utraciła pieniędzy. Spotkałem jednak wielu biednych ludzi, którzy nigdy nie stracili nawet centa... w inwestycjach.
Bogaty Ojciec Biedny Ojciec (R Kiyosaki);- Your Highlight at location 1966-1967 | Added on Tuesday, 3 April 2018 17:31:29;Bogaty ojciec rozumiał fobie związane z pieniędzmi. – Jedni ludzie boją się węży, inni, że stracą pieniądze. Oba przypadki są fobiami – mawiał.
Bogaty Ojciec Biedny Ojciec (R Kiyosaki);- Your Highlight at location 1966-1968 | Added on Tuesday, 3 April 2018 17:31:47;Bogaty ojciec rozumiał fobie związane z pieniędzmi. – Jedni ludzie boją się węży, inni, że stracą pieniądze. Oba przypadki są fobiami – mawiał. Jego recepta na fobię związaną z utratą pieniędzy brzmiała: – Jeśli nie cierpisz ryzyka i zmartwień..., zacznij wcześnie oszczędzać.
Bogaty Ojciec Biedny Ojciec (R Kiyosaki);- Your Highlight at location 1992-1992 | Added on Tuesday, 3 April 2018 17:35:23;Fran Tarkenton, swego czasu świetny gracz NFL–u, określa to jeszcze inaczej: "Wygrywanie oznacza brak strachu przed przegraną".
Bogaty Ojciec Biedny Ojciec (R Kiyosaki);- Your Highlight at location 1990-1992 | Added on Tuesday, 3 April 2018 17:35:33;Ciągle powtarzał nam, że najpoważniejszym powodem nieosiągania finansowego sukcesu było zbyt bezpieczne działanie. – Ludzie tak bardzo boją się straty, że tracą.
Bogaty Ojciec Biedny Ojciec (R Kiyosaki);- Your Highlight at location 1996-1998 | Added on Tuesday, 3 April 2018 17:36:06;W Teksasie mają jeszcze inne powiedzenie: "Każdy chce iść do nieba, ale nikt nie chce umrzeć. Większość ludzi marzy o tym, aby być bogatym, ale boją się utracić pieniądze. Nigdy więc nie dostają się do nieba".
Bogaty Ojciec Biedny Ojciec (R Kiyosaki);- Your Highlight at location 2010-2012 | Added on Tuesday, 3 April 2018 18:46:10;"Mieszkańcy Teksasu nie ukrywają swoich porażek. Porażki inspirują ich do stania się zwycięzcami. Ta recepta nie jest jednak zarezerwowana wyłącznie dla mieszkańców Teksasu. To jest recepta dla wszystkich zwycięzców".
Bogaty Ojciec Biedny Ojciec (R Kiyosaki);- Your Highlight at location 2016-2018 | Added on Tuesday, 3 April 2018 18:47:07;Będąc Amerykaninem japońskiego pochodzenia, mogę stwierdzić, że: "Wielu ludzi uważa, iż Pearl Harbor było amerykańskim błędem. Ja mówię, że to był błąd Japończyków. W filmie Tora, Tora, Tora przygnębiony japoński admirał mówi: "Obawiam się, że przebudziliśmy śpiącego olbrzyma".
Bogaty Ojciec Biedny Ojciec (R Kiyosaki);- Your Highlight at location 2020-2022 | Added on Tuesday, 3 April 2018 18:47:48;Przytoczmy raz jeszcze słowa Frana Tarkentona: "Wygrywanie oznacza brak strachu przed przegraną". Ludzie podobni jemu nie obawiają się przegranej, gdyż wiedzą, kim są. Nie znoszą przegrywania, ale wiedzą, że przegrana będzie jedynie inspirowała ich do stania się lepszymi.
Bogaty Ojciec Biedny Ojciec (R Kiyosaki);- Your Highlight at location 2069-2071 | Added on Tuesday, 3 April 2018 19:16:08;Większość ludzi jest biedna, bo gdy przychodzi do inwestowania, okazuje się, że świat jest wypełniony małymi kurczakami biegającymi dokoła i krzyczącymi: "Niebo się wali. Niebo się wali". Często trzeba wielkiej odwagi, aby nie pozwolić zasłyszanym pogłoskom i przepowiedniom na wywołanie naszych wątpliwości i strachu.
Bogaty Ojciec Biedny Ojciec (R Kiyosaki);- Your Highlight at location 2096-2097 | Added on Tuesday, 3 April 2018 19:18:28;"Cynicy krytykują, a zwycięzcy analizują" – to kolejne ulubione powiedzenie bogatego ojca. Wyjaśnia on, że krytyka oślepia, zaś analizowanie otwiera oczy.
Bogaty Ojciec Biedny Ojciec (R Kiyosaki);- Your Highlight at location 2144-2148 | Added on Tuesday, 3 April 2018 19:30:31;To jest najpowszechniejsza forma lenistwa. Lenistwo usprawiedliwione tym, że jesteśmy zajęci robieniem czegoś innego. Jakie więc jest lekarstwo na lenistwo? Odpowiedź brzmi: niewielka żądza posiadania. Wielu z nas było wychowywanych w nastawieniu, że chciwość lub pożądanie są złe. – Chciwi ludzie są złymi ludźmi – ma zwyczaj mawiać moja mama. Wszyscy jednak mamy w swoim wnętrzu tę tęsknotę do posiadania ładnych, nowych czy ekscytujących rzeczy. Trzymajmy więc tę emocję pożądania pod kontrolą.
Bogaty Ojciec Biedny Ojciec (R Kiyosaki);- Your Highlight at location 2159-2161 | Added on Tuesday, 3 April 2018 20:32:28;bogaty ojciec wymagał od swoich dzieci, aby mówiły: Jak mogę to osiągnąć?" Motywował to w ten sposób: – "Nie stać mnie na to" powoduje, że twój umysł przestaje myśleć. To mi wystarczyło. Jak mogę to osiągnąć?" – otworzyło mój umysł, zmuszony do myślenia i poszukiwania
Bogaty Ojciec Biedny Ojciec (R Kiyosaki);- Your Highlight at location 2182-2183 | Added on Tuesday, 3 April 2018 20:35:13;Bądźmy trochę zachłanni. To jest najlepsze lekarstwo na lenistwo.
Bogaty Ojciec Biedny Ojciec (R Kiyosaki);- Your Highlight at location 2186-2187 | Added on Tuesday, 3 April 2018 20:36:01;"Rób to, co czujesz w sercu, że jest w porządku – i tak będziesz krytykowany. Jeśli to zrobisz, potępią cię – jeśli tego nie zrobisz, też cię potępią".
Bogaty Ojciec Biedny Ojciec (R Kiyosaki);- Your Highlight at location 2212-2215 | Added on Tuesday, 3 April 2018 20:41:47;Większość ludzi pozwala tyranom sypać piaskiem w swoją twarz. Ja zdecydowałem się użyć strachu przed nimi do stania się silniejszym. Inni stają się słabsi. Zmuszanie siebie do myślenia o tym, jak zrobić więcej pieniędzy, jest – jak udanie się na siłownię i podnoszenie ciężarów. Im więcej ćwiczę moje "mentalne muskuły", tym staję się silniejszy. Teraz już nie boję się tych tyranów.
Bogaty Ojciec Biedny Ojciec (R Kiyosaki);- Your Highlight at location 2251-2252 | Added on Tuesday, 3 April 2018 20:50:48;Gdy spytałem, co ją skłania do nadzwyczajnych ambicji i poświęcenia, zwyczajnie odpowiedziała: – Robię to dla siebie i dla tych, których kocham. Zamiłowanie do pływania jest tym, co pozwala mi pokonać trudy.
Bogaty Ojciec Biedny Ojciec (R Kiyosaki);- Your Highlight at location 2253-2257 | Added on Tuesday, 3 April 2018 20:51:28;dlaczego chcę być bogaty, mówię, że jest kombinacja moich emocjonalnych "chcę" i "nie chcę". Wymienię kilka. Najpierw te "nie chcę", gdyż generują moje "chce". Nie chcę pracować przez całe życie. Nie chcę tego, co było racją moich rodziców: pewna praca i domek na przedmieściu. Nie lubię być pracownikiem. Nie cierpiałem tego, że mój ojciec nie mógł przyjść na mój mecz piłkarski, gdyż był zajęty robieniem kariery. Nie cierpiałem tego, że mój ojciec ciężko pracował przez całe swoje życie, a gdy zmarł, państwo wzięło większość tego, na co pracował. Bogatym tak się nie zdarza. Ciężko pracują i przekazują wszystko swoim dzieciom.
Bogaty Ojciec Biedny Ojciec (R Kiyosaki);- Your Highlight at location 2257-2259 | Added on Tuesday, 3 April 2018 20:51:50;Teraz kolej na "chcę". Chcę być wolny, bym mógł podróżować po świecie i prowadzić życie, które lubię. Chcę być jeszcze młody, gdy to się stanie. Chcę dysponować swoim czasem i swoim życiem. Chcę, aby pieniądze pracowały dla mnie.
Bogaty Ojciec Biedny Ojciec (R Kiyosaki);- Your Highlight at location 2286-2288 | Added on Tuesday, 3 April 2018 20:55:25;Cóż takiego ja robię? Chodzę na seminaria. Lubię, gdy trwają co najmniej dwa dni, gdyż mogę wtedy całkowicie zagłębić się w ich tematyce. Pewnego razu w 1973 roku, gdy oglądałem telewizję, pokazano reklamę trzydniowego seminarium o tym, jak kupować nieruchomości bez dawania przedpłaty.
Bogaty Ojciec Biedny Ojciec (R Kiyosaki);- Your Highlight at location 2306-2307 | Added on Tuesday, 3 April 2018 20:57:13;Zbyt wielu ludzi myśli używając swoich ust, zamiast słuchać, aby przyswoić sobie nowe pomysły i zauważyć nowe możliwości. Spierają się, zamiast zadawać pytania.
Bogaty Ojciec Biedny Ojciec (R Kiyosaki);- Your Highlight at location 2319-2321 | Added on Tuesday, 3 April 2018 20:58:56;Posiadam kilku znajomych, którzy w swoim krótkim dotychczasowym życiu wygenerowali ponad miliard dolarów. Wszyscy potwierdzają ten sam fenomen: ich znajomi, którzy nie mają pieniędzy, nigdy nie spytali ich, jak to zrobili. Przychodzą jednak prosić o jedną z dwóch rzeczy (lub o obie): 1. o pożyczkę; 2. o pracę.
Bogaty Ojciec Biedny Ojciec (R Kiyosaki);- Your Highlight at location 2332-2333 | Added on Tuesday, 3 April 2018 21:00:25;Jeżeli świetna transakcja jest na pierwszych stronach, w większości przypadków jest już za późno. Szukajmy nowej transakcji. Podobnie, jak to mówią surferzy: "Zawsze przyjdzie następna fala".
Bogaty Ojciec Biedny Ojciec (R Kiyosaki);- Your Highlight at location 2345-2346 | Added on Tuesday, 3 April 2018 21:01:54;Wielu z nas słyszało zapewne powiedzenie: "Jesteś tym, co jesz". Ja używam zmodyfikowanego powiedzenia: "Stajesz się tym, czego się uczysz".
Bogaty Ojciec Biedny Ojciec (R Kiyosaki);- Your Highlight at location 2373-2374 | Added on Tuesday, 3 April 2018 21:04:08;Zaryzykuję stwierdzenie, że to właśnie brak zdyscyplinowania jest czynnikiem wykreślającym linię pomiędzy bogatymi a biednymi i średnią klasą.
Bogaty Ojciec Biedny Ojciec (R Kiyosaki);- Your Highlight at location 2401-2403 | Added on Tuesday, 3 April 2018 21:38:44;W moim życiu nieraz miałem całomiesięczne okresy, gdy mój przepływ pieniężny był o wiele mniejszy od moich rachunków. Ciągle jednak najpierw płaciłem sobie. Mój księgowy i osoba prowadząca księgi rachunkowe krzyczeli w panice: "Zamierzają się dobrać do ciebie", "Urząd podatkowy wsadzi cię do więzienia", "Zrujnujesz swoją wiarygodność kredytową", "Wyłączą prąd". Ja wciąż najpierw płaciłem sobie.
Bogaty Ojciec Biedny Ojciec (R Kiyosaki);- Your Highlight at location 2417-2419 | Added on Tuesday, 3 April 2018 21:39:59;Pozwalam kredytodawcom i administracji rządowej krzyczeć na mnie. Lubię, gdy stają się nieustępliwi. Dlaczego? Ponieważ ci ludzie wyświadczają mi przysługę. Inspirują mnie do akcji i generowania większej ilości pieniędzy. Tak więc najpierw płacę sobie potem inwestuję pieniądze i pozwalam kredytodawcom krzyczeć.
Bogaty Ojciec Biedny Ojciec (R Kiyosaki);- Your Highlight at location 2422-2424 | Added on Tuesday, 3 April 2018 21:40:49;Nie dajmy się wciągnąć w wielkie zadłużenie, za które musimy płacić. Utrzymujmy nasze koszty na niskim poziomie. Najpierw zbudujmy aktywa. Dopiero potem kupujmy duży dom lub piękny samochód. Złapanie się w pułapkę "wyścigu szczurów" nie świadczy o inteligencji.
Bogaty Ojciec Biedny Ojciec (R Kiyosaki);- Your Highlight at location 2424-2426 | Added on Tuesday, 3 April 2018 21:41:00;Gdy mamy niedobory finansowe, pozwólmy na powstanie nacisku i nie sięgajmy do naszych oszczędności lub inwestycji. Pozwólmy tej presji zainspirować nasz finansowy talent, aby znaleźć nowe sposoby zrobienia większej ilości pieniędzy i dopiero wtedy płaćmy nasze rachunki.
Bogaty Ojciec Biedny Ojciec (R Kiyosaki);- Your Highlight at location 2429-2431 | Added on Tuesday, 3 April 2018 21:41:28;Ubodzy ludzie mają ubogie nawyki. Powszechnym ubogim nawykiem jest niewinne stwierdzenie: "Sięgnij po oszczędności". Bogaci wiedzą, że oszczędności są tylko po to, by generować więcej pieniędzy, a nie na płacenie rachunków.
Bogaty Ojciec Biedny Ojciec (R Kiyosaki);- Your Highlight at location 2458-2459 | Added on Tuesday, 3 April 2018 21:44:00;aby znaleźć jednego księcia, trzeba pocałować wiele żab. Zapamiętajmy stare powiedzenie: "Nigdy nie pytaj osoby sprzedającej encyklopedie, czy musisz mieć encyklopedię".
Bogaty Ojciec Biedny Ojciec (R Kiyosaki);- Your Highlight at location 2458-2459 | Added on Tuesday, 3 April 2018 21:44:04;Zapamiętajmy stare powiedzenie: "Nigdy nie pytaj osoby sprzedającej encyklopedie, czy musisz mieć encyklopedię".
Bogaty Ojciec Biedny Ojciec (R Kiyosaki);- Your Highlight at location 2462-2464 | Added on Tuesday, 3 April 2018 21:44:47;Znajdźmy brokera, którego zainteresowania daną dziedziną biznesu są podyktowane jego sercem. Wielu z nich spędzi czas na edukowaniu nas i mogą oni stanowić najlepsze aktywa, jakie znaleźliśmy. Bądźmy w porządku, a większość z nich będzie w porządku wobec nas.
Bogaty Ojciec Biedny Ojciec (R Kiyosaki);- Your Highlight at location 2467-2469 | Added on Tuesday, 3 April 2018 21:45:10;Wielu menedżerów średniego szczebla nie awansuje wyżej, gdyż umieją tylko pracować z ludźmi znajdującymi się pod nimi, ale nie umieją współpracować z tymi, którzy ich przewyższają. Prawdziwą umiejętnością jest zarządzanie ludźmi, którzy są od nas mądrzejsi, gdy chodzi o różne fachowe aspekty.
Bogaty Ojciec Biedny Ojciec (R Kiyosaki);- Your Highlight at location 2487-2489 | Added on Tuesday, 3 April 2018 21:47:38;Prawdą jest, że w wielu przypadkach straciłem pieniądze. Spekuluję jednak tylko przy użyciu pieniędzy, które mogę pozwolić sobie stracić. Powiedziałbym, że średnio na dziesięć inwestycji, na jednej do trzech zarabiam, pięć do sześciu nic nie zmienia, na dwóch lub trzech tracę. Moje straty ograniczam jednak do pieniędzy, które miałem zainwestowane w tym czasie.
Bogaty Ojciec Biedny Ojciec (R Kiyosaki);- Your Highlight at location 2554-2556 | Added on Tuesday, 3 April 2018 21:55:23;Będąc dzieckiem, utożsamiałem się z graczami w baseball. Teraz, gdy jestem na giełdzie lub gdy negocjuję transakcję, podświadomie stosuję pyszałkowatość Trampa. Gdy zaś analizuję trendy, przyglądam się temu w taki sposób, jakby to robił Peter Lynch. Naśladując idolów, mamy dostęp do niesamowitego źródła naturalnego talentu.
Bogaty Ojciec Biedny Ojciec (R Kiyosaki);- Your Highlight at location 2564-2566 | Added on Tuesday, 3 April 2018 21:59:26;Jeśli kiedykolwiek czujesz, że nie starcza Ci czegoś lub jesteś w potrzebie, najpierw daj coś innym, a wróci to do Ciebie z nawiązką. To się sprawdza, gdy chodzi o pieniądze, uśmiech, miłość, przyjaźń.
Bogaty Ojciec Biedny Ojciec (R Kiyosaki);- Your Highlight at location 2567-2570 | Added on Tuesday, 3 April 2018 22:00:07;Jeżeli chcę pieniędzy, daję pieniądze i wracają one zwielokrotnione. Gdy chcę transakcji sprzedaży, pomagam komuś innemu coś sprzedać i mnie się też trafia sprzedaż. Gdy chcę kontaktów, pomagam komuś innemu nawiązać kontakty i jak w magii pojawiają się moje kontakty. Wiele lat temu słyszałem takie powiedzenie: "Bóg nie musi otrzymywać, ale ludzie muszą dawać".
Bogaty Ojciec Biedny Ojciec (R Kiyosaki);- Your Highlight at location 2579-2580 | Added on Tuesday, 3 April 2018 22:00:55;Mówię więc: "Ucz innych, a otrzymasz". Zauważyłem, że im więcej szczerze uczę tych, którzy chcą się uczyć, tym więcej sam się uczę. Jeżeli chcemy więcej nauczyć się o pieniądzach, uczmy o nich kogoś innego. Potok nowych pomysłów napłynie do naszego umysłu.
Bogaty Ojciec Biedny Ojciec (R Kiyosaki);- Your Highlight at location 2590-2592 | Added on Tuesday, 3 April 2018 22:02:07;Przestań robić to, co robisz. Innymi słowy zrób sobie przerwę i oceń, co przynosi efekty, a co nie. Robienie wciąż tego samego i oczekiwanie odmiennych rezultatów jest naiwnością. Przestań robić to, co nie przynosi rezultatów i poszukaj czegoś nowego.
Bogaty Ojciec Biedny Ojciec (R Kiyosaki);- Your Highlight at location 2592-2594 | Added on Tuesday, 3 April 2018 22:02:26;Szukaj nowych pomysłów. Po nowe pomysły związane z inwestowaniem udaję się do księgarni, gdzie przeglądam książki o różnej i rzadkiej tematyce. Nazywam je formułami. Kupuję książki opisujące jak coś robić, które prezentują formułę, o której nic nie wiem.
Bogaty Ojciec Biedny Ojciec (R Kiyosaki);- Your Highlight at location 2599-2600 | Added on Tuesday, 3 April 2018 22:03:10;Znajdź kogoś, kto zrobił to, co chcesz zrobić. Zaproś go na lunch. Spytaj o wskazówki, o małe chwyty handlowe.
Bogaty Ojciec Biedny Ojciec (R Kiyosaki);- Your Highlight at location 2604-2607 | Added on Tuesday, 3 April 2018 22:03:47;Bierz udział w szkoleniach i kupuj kasety. W poszukiwaniu interesujących kursów przeglądam gazety. Wiele kursów jest darmowych lub za małą opłatą. Biorę też udział w drogich seminariach uczących o tym, co chcę poznać. Dzięki kursom, w których biorę udział, jestem bogaty i nie muszę pracować na etacie. Mam znajomych, którzy nie uczęszczają na takie kursy, a którzy powiedzieli mi, że marnuję pieniądze. Oni wciąż pozostają w tej samej pracy.
Bogaty Ojciec Biedny Ojciec (R Kiyosaki);- Your Highlight at location 2607-2608 | Added on Tuesday, 3 April 2018 22:04:14;Przedkładaj wiele ofert. Gdy chcę kupić jakąś nieruchomość, oglądam wiele z nich i składam pisemną ofertę. Nie martw się, że nie wiesz, jaka oferta może być przyjęta, gdyż ja też nigdy nie wiem.
Bogaty Ojciec Biedny Ojciec (R Kiyosaki);- Your Highlight at location 2621-2624 | Added on Tuesday, 3 April 2018 22:05:48;Zawsze przedkładam oferty zawierające klauzulę pozwalającą się wycofać. W nieruchomościach przedstawiam ofertę zawierającą zastrzeżenie, że oferta musi być jeszcze zatwierdzona przez wspólnika w biznesie. Nigdy nie określam tego, kto jest tym wspólnikiem. Większość ludzi nie wie, że moim partnerem jest mój kot. Jeżeli zaakceptują ofertę, a ja nie chcę tej transakcji, dzwonię do domu i rozmawiam z kotem.
Bogaty Ojciec Biedny Ojciec (R Kiyosaki);- Your Highlight at location 2636-2638 | Added on Tuesday, 3 April 2018 22:07:07;Znajduję złe dzielnice, szczególnie takie, z których złe wiadomości o tym rejonie przepłoszyły innych. W okresie jednego roku, od czasu do czasu, krążę po nich, czekając na znak jakichś zmian na lepsze. Rozmawiam ze sklepikarzami, szczególnie tymi nowymi, aby dowiedzieć się dlaczego otworzyli tu biznes.
Bogaty Ojciec Biedny Ojciec (R Kiyosaki);- Your Highlight at location 2639-2640 | Added on Tuesday, 3 April 2018 22:07:47;Gdy chodzi o akcje giełdowe, lubię książkę Petera Lyncha Beating the Street przedstawiającą jego formułę wybierania akcji rosnących na wartości.
Bogaty Ojciec Biedny Ojciec (R Kiyosaki);- Your Highlight at location 2642-2645 | Added on Tuesday, 3 April 2018 22:08:15;Dlaczego konsumenci będą zawsze biedni? Gdy supermarket ma wyprzedaż, np. papieru toaletowego, konsumenci spieszą po jego zakup i magazynują go. Gdy giełda ma wyprzedaż, często nazywaną krachem lub korektą, konsumenci uciekają z niej. Gdy supermarket podnosi ceny, konsumenci kupują gdzieś indziej. Gdy giełda podnosi ceny, konsumenci zaczynają kupować.
Bogaty Ojciec Biedny Ojciec (R Kiyosaki);- Your Highlight at location 2650-2653 | Added on Tuesday, 3 April 2018 22:09:34;Najpierw szukaj osób, które chcą kupić, a następnie szukaj kogoś, kto chce sprzedać. Znajomy poszukiwał określonego kawałka ziemi. Miał pieniądze, ale nie miał czasu. Znalazłem duży kawał ziemi, o wiele większy niż to, czego szukał mój znajomy, przedłożyłem ofertę z klauzulą; powiadomiłem znajomego, na co odpowiedział, że chce nabyć część tej ziemi. Kupiłem całość, a następnie sprzedałem mu tę część. Resztę gruntu, która była już teraz darmowa, zostawiłem sobie.
Bogaty Ojciec Biedny Ojciec (R Kiyosaki);- Your Highlight at location 2659-2660 | Added on Tuesday, 3 April 2018 22:10:40;Mali ludzie pozostają małymi, ponieważ myślą, jak mali; działają w pojedynkę lub wcale nie działają.
Bogaty Ojciec Biedny Ojciec (R Kiyosaki);- Your Highlight at location 2713-2713 | Added on Tuesday, 3 April 2018 22:15:23;Istnieje świetna książka zatytułowana Myśl i wzrastaj w bogactwie.
Bogaty Ojciec Biedny Ojciec (R Kiyosaki);- Your Highlight at location 2732-2733 | Added on Tuesday, 3 April 2018 22:18:33;W mojej drugiej książce, Kwadrat przepływu pieniędzy, wyjaśniam, że świat biznesu składa się z czterech różnych typów ludzi. Są to: pracownik, samozatrudniający się pracownik, właściciel biznesu i inwestor.
Bogaty Ojciec Biedny Ojciec (R Kiyosaki);- Your Highlight at location 2735-2737 | Added on Tuesday, 3 April 2018 22:18:51;W trzeciej moje książce, Inwestycyjny poradnik Bogatego ojca, stanowiącej kontynuację serii "Bogaty ojciec", szczegółowo tłumaczę, jak ważna jest zamiana dochodu z pensji na: dochód pasywny i dochód z portfela inwestycyjnego.
Bogaty Ojciec Biedny Ojciec (R Kiyosaki);- Your Highlight at location 2799-2800 | Added on Tuesday, 3 April 2018 22:22:45;Nadawany przez okrągły rok program telewizyjny autora – który miał charakter edukacyjny – był emitowany na całe USA.
Biznes to nie Bajka (Jack Trout);- Your Highlight at location 28-30 | Added on Friday, 6 April 2018 18:24:49;„Wszystko, czego uczyliśmy się w erze przemysłowej, wznosiło nas na coraz wyższe poziomy złożoności. Myślę, że coraz więcej ludzi odkrywa dziś, iż rzeczy należy upraszczać, a nie komplikować. Prostota to najwyższy stopień wyrafinowania”.
Biznes to nie Bajka (Jack Trout);- Your Highlight at location 58-61 | Added on Friday, 6 April 2018 18:29:32;John Collard z Instytutu Stosunków Międzyludzkich na Uniwersytecie Yale wyróżnił siedem powszechnie spotykanych rodzajów lęku. Każdy z nas odczuwa przynajmniej kilka z nich. 1. Lęk przed porażką. 2. Lęk przed seksem. 3. Lęk przed fizyczną napaścią. 4. Lęk przed zaufaniem innemu człowiekowi. 5. Lęk przed myśleniem. 6. Lęk przed mówieniem. 7. Lęk przed samotnością.
Biznes to nie Bajka (Jack Trout);- Your Highlight at location 115-115 | Added on Friday, 6 April 2018 19:19:54;Złożoności nie należy podziwiać. Trzeba jej unikać.
Biznes to nie Bajka (Jack Trout);- Your Highlight at location 178-179 | Added on Tuesday, 10 April 2018 22:57:01;Nie pozwól, by do głosu doszło twoje ego. Prawidłowa ocena sytuacji opiera się na rzeczywistości. Im bardziej wsłuchujesz się w ego, tym bardziej odchodzisz od rzeczywistości.
Biznes to nie Bajka (Jack Trout);- Your Highlight at location 179-181 | Added on Tuesday, 10 April 2018 22:57:16;   Musisz unikać myślenia życzeniowego. Wszyscy chcielibyśmy, by życie toczyło się określonym torem. Jednak bieg spraw często jest poza naszą kontrolą. Naprawdę zdrowy rozsądek ma to do siebie, że pozostaje w harmonii z rzeczywistym rozwojem sytuacji.
Biznes to nie Bajka (Jack Trout);- Your Highlight at location 181-183 | Added on Tuesday, 10 April 2018 22:57:27;   Musisz być lepszym słuchaczem. Zdrowy rozsądek to rodzaj zbiorowej mądrości. To sposób rozumowania oparty na opiniach wielu różnych ludzi. Ten, kto nie nadstawia dobrze uszu, traci dostęp do ważnego źródła wiedzy.
Biznes to nie Bajka (Jack Trout);- Your Highlight at location 183-185 | Added on Tuesday, 10 April 2018 22:57:42;   Musisz mieć w sobie szczyptę cynizmu. Czasami coś może wyglądać zupełnie inaczej niż w rzeczywistości. Dzieje się tak najczęściej, gdy mamy do czynienia z kimś mocno zapatrzonym we własny plan działania. Zdrowy rozsądek opiera się na doświadczeniach wielu, a nie na życzeniowym myśleniu niektórych.
Biznes to nie Bajka (Jack Trout);- Your Highlight at location 196-202 | Added on Tuesday, 10 April 2018 22:59:34;Oto kilka próbek, jak można skomplikować proste przesłanie: •    Brak dogłębnej analizy faktów prowadzi do niezgodnych z prawdą konkluzji. (Pozory mylą). •    W przypadku sędziwych okazów flory drzewnej zmiana stanowiska wegetacji jest niewskazana. (Nie przesadza się starych drzew). •    Materiały węglopochodne nie wydzielają dostrzegalnych oparów, jeśli nie zostały poddane procesowi spalania. (Nie ma dymu bez ognia). •    Długotrwałe oddziaływanie niewielkimi dawkami płynu na litą substancję skalną powoduje jej erozję. (Kropla drąży skałę).
Biznes to nie Bajka (Jack Trout);- Your Highlight at location 235-237 | Added on Wednesday, 11 April 2018 23:22:24;Nie do wiary, jak ciężko przychodzi ludziom bycie prostymi, jak bardzo się tego boją. Obawiają się, że będą wówczas postrzegani jako ciemniacy. Naturalnie w rzeczywistości jest zupełnie odwrotnie. Największa prostota cechuje ludzi o bystrym umyśle i silnej osobowości5.
Biznes to nie Bajka (Jack Trout);- Your Highlight at location 247-253 | Added on Monday, 23 April 2018 22:43:13;stosując się do 10 zasad przejrzystego pisania: 1.    Pisz krótkimi zdaniami. 2.    Mając do wyboru dwa słowa, wybieraj prostsze z nich. 3.    Używaj wyrazów ogólnie znanych. 4.    Unikaj słów niepotrzebnych. 5.    Tchnij życie w swoje czasowniki. 6.    Pisz tak, jak mówisz. 7.    Używaj terminów, które trafią czytelnikom do wyobraźni. 8.    Nawiązuj ściśle do doświadczeń odbiorcy. (To podstawa pozycjonowania). 9.    Maksymalnie wykorzystuj różnorodność. 10.    Pisz tak, by wyrazić myśli, a nie, by zrobić wrażenie.
Biznes to nie Bajka (Jack Trout);- Your Highlight at location 272-274 | Added on Monday, 23 April 2018 22:46:19;powyższej historii płynie następujący morał: traktuj podejrzliwie każde niejasne słowo i pojęcie. Może cię to uchronić przed kosztownymi błędami. Żądaj od autorów prezentacji, by tłumaczyli swoje skomplikowane terminy na ludzki język.
Biznes to nie Bajka (Jack Trout);- Your Highlight at location 272-274 | Added on Monday, 23 April 2018 22:46:34;traktuj podejrzliwie każde niejasne słowo i pojęcie. Może cię to uchronić przed kosztownymi błędami. Żądaj od autorów prezentacji, by tłumaczyli swoje skomplikowane terminy na ludzki język. Nigdy nie bój się powiedzieć: „Nie rozumiem”. Musisz być bezlitosny wobec intelektualnej arogancji.
Biznes to nie Bajka (Jack Trout);- Your Highlight at location 275-276 | Added on Monday, 23 April 2018 22:46:47;Nie bój się, że wyjdziesz na głupka. W pewnych sytuacjach z pozoru najbardziej naiwne pytania mogą się okazać najbardziej zasadnicze.
Biznes to nie Bajka (Jack Trout);- Your Highlight at location 373-375 | Added on Wednesday, 25 April 2018 22:21:56;„Technologiczny obłęd, w dłuższej perspektywie, spowoduje przemieszczenie środka ciężkości od tych dysponujących stertami informacji do tych z wiedzą uporządkowaną; od tych, którzy mogą przetwarzać olbrzymie masy danych, do tych, którzy potrafią wyjaśnić, co warto wiedzieć i dlaczego”.
Biznes to nie Bajka (Jack Trout);- Your Highlight at location 377-377 | Added on Wednesday, 25 April 2018 22:22:24;   Nie chomikuj dokumentów. Wszystko da się odtworzyć elektronicznie.
Biznes to nie Bajka (Jack Trout);- Your Highlight at location 437-438 | Added on Wednesday, 25 April 2018 22:28:36;„Za sukcesami Jacka Welcha nie kryje się genialna intuicja ani ryzykanckie zagrania, lecz fanatyczne przywiązanie do detali”.
Biznes to nie Bajka (Jack Trout);- Your Highlight at location 564-566 | Added on Wednesday, 25 April 2018 22:39:33;W nieruchomościach liczy się lokalizacja, lokalizacja i jeszcze raz lokalizacja. W biznesie - różnicowanie, różnicowanie i jeszcze raz różnicowanie.
;﻿==========;A Game of Thrones -  Book 1  
